{"cameraMode":{"drawMode":0,"name":"Shaded","section":"Shading Mode"},"sceneLighting":true,"audioPlay":false,"sceneViewState":{"showFog":false,"showMaterialUpdate":false,"showSkybox":false,"showFlares":false,"showImageEffects":false,"showParticleSystems":false},"in2DMode":false,"pivot":{"x":-0.3128383159637451,"y":6.552520751953125,"z":-5.711861610412598},"rotation":{"x":0.4572376310825348,"y":0.006670987233519554,"z":-0.003431709250435233,"w":0.8893198370933533},"size":8.80663776397705,"orthographic":true}